http://flashservice.xvideos.com/embedframe/6326871,吉沢明歩女教師,http://j-xvideos.com/pc/v/26820,http://img-l3.xvideos.com/videos/thumbslll/90/c0/12/90c0120571d90635a5bd5cf4cf538da4/90c0120571d90635a5bd5cf4cf538da4.7.jpg,「ごめんなさい！」生徒にマンコを突かれながら服従の言...,06:00,2015年12月18日
http://flashservice.xvideos.com/embedframe/8665288,長澤あずさレイプ,http://j-xvideos.com/pc/v/26827,http://img-l3.xvideos.com/videos/thumbslll/d3/f3/4e/d3f34e2768da8d8bca40fdb2b674eda8/d3f34e2768da8d8bca40fdb2b674eda8.12.jpg,玄関先で知り合いにレイプされるHカップの爆乳奥さん...,20:00,2015年12月18日
http://flashservice.xvideos.com/embedframe/14595605,巨乳,http://j-xvideos.com/pc/v/26876,http://img-l3.xvideos.com/videos/thumbslll/7a/67/24/7a67244412360fd5f97633ac80e55b74/7a67244412360fd5f97633ac80e55b74.15.jpg,旦那と喧嘩して家出した嫁がカネに困ってAV出演を決めて明らかに年増な男優とハメられる人妻寝取りセックス,10:00,2015年12月18日
http://flashservice.xvideos.com/embedframe/14599497,美女,http://j-xvideos.com/pc/v/26870,http://img100-497.xvideos.com/videos/thumbslll/03/3a/36/033a36d6e7fa62d888f7a96c5bb6834d/033a36d6e7fa62d888f7a96c5bb6834d.15.jpg,大人しそうな顔からは想像出来ない豊満なおっぱいが魅力的な美女が局部への執拗ないたずらに折れて・・・,10:00,2015年12月18日
http://flashservice.xvideos.com/embedframe/2579104,,http://j-xvideos.com/pc/v/26822,http://img100.xvideos.com/videos/thumbs/ee/77/e8/ee77e85b1447dc5b1328bea714c2425b/ee77e85b1447dc5b1328bea714c2425b.12.jpg,xvideosまとめ: ドスケベボディを露わにしながら男を誘惑す...,40:34,2015年12月18日
http://flashservice.xvideos.com/embedframe/9861635,可憐お姉さん,http://j-xvideos.com/pc/v/26821,http://img-l3.xvideos.com/videos/thumbslll/b5/38/2b/b5382be301c8e9da2a09903028b41100/b5382be301c8e9da2a09903028b41100.26.jpg,可憐で清楚な見た目の美人なお姉さんがド変態男優であるしみけんが容赦なく責めまくる初撮り作品,10:00,2015年12月18日
http://flashservice.xvideos.com/embedframe/10418160,夢乃あいか,http://j-xvideos.com/pc/v/26890,http://img-l3.xvideos.com/videos/thumbslll/fb/f9/c4/fbf9c4af1459b666bd48f73f275c5ac6/fbf9c4af1459b666bd48f73f275c5ac6.9.jpg,xvideosまとめ: 夢乃あいかの恋人プレイのはずが容赦なくチ...,06:00,2015年12月18日
http://flashservice.xvideos.com/embedframe/12190357,美少女コスプレ,http://j-xvideos.com/pc/v/26936,http://img-l3.xvideos.com/videos/thumbslll/c8/14/2f/c8142f5db91fa1faff774cc068fcf209/c8142f5db91fa1faff774cc068fcf209.8.jpg,超絶美少女でスタイルも最高なメイドさんが、ご主人様にピストンされ...,03:00,2015年12月18日
http://flashservice.xvideos.com/embedframe/3230331,前田優希,http://j-xvideos.com/pc/v/27002,http://img100.xvideos.com/videos/thumbs/ed/27/6b/ed276b0f86d437d48e7251fb10376511/ed276b0f86d437d48e7251fb10376511.7.jpg,草食系男子だいしゅきHカップお姉様の肉食系ギシアンH...,05:15,2015年12月18日
http://flashservice.xvideos.com/embedframe/2389087,森下くるみ,http://j-xvideos.com/pc/v/26999,http://img100.xvideos.com/videos/thumbs/25/24/df/2524df0789b4e62891c0a1a431f5ea2f/2524df0789b4e62891c0a1a431f5ea2f.18.jpg,アダルト動画,13:55,2015年12月18日
http://flashservice.xvideos.com/embedframe/8205571,痴女,http://j-xvideos.com/pc/v/26991,http://img100-571.xvideos.com/videos/thumbslll/e5/cc/a4/e5cca4271bea339348b8beece0d53073/e5cca4271bea339348b8beece0d53073.15.jpg,xvideosまとめ: 靴下フェチ動画像速報 – 【パンスト動画...,03:00,2015年12月18日
http://flashservice.xvideos.com/embedframe/14825957,パイズリ,http://j-xvideos.com/pc/v/26988,http://img-l3.xvideos.com/videos/thumbslll/f5/cb/94/f5cb9482796e9c33065af440bcba41a2/f5cb9482796e9c33065af440bcba41a2.1.jpg,清楚な見た目の黒髪巨乳娘とのラブセックスでそのおおきなおっぱいでしっかりと根本までパイズリしてもらうｗ,05:00,2015年12月18日
http://flashservice.xvideos.com/embedframe/10913822,人妻,http://j-xvideos.com/pc/v/26984,http://img-l3.xvideos.com/videos/thumbslll/c0/ff/5c/c0ff5c0c27c388daadcac484e361bb5d/c0ff5c0c27c388daadcac484e361bb5d.15.jpg,ショートヘアの美人妻との不倫温泉旅行で到着早々ハメ撮り個人撮影を開始したら敏感すぎて凄いんですがｗ,05:00,2015年12月18日
http://flashservice.xvideos.com/embedframe/15194593,,http://j-xvideos.com/pc/v/26981,http://img-l3.xvideos.com/videos/thumbslll/14/44/4c/14444cc6009a7741e062c28b61b2baa3/14444cc6009a7741e062c28b61b2baa3.15.jpg,夜の公衆トイレで彼女に無理やりフェラ抜きさせたりホテルでハメ撮り個人撮影しちゃう背徳感のある寝取り企画,03:00,2015年12月18日
http://flashservice.xvideos.com/embedframe/3703663,榊ひなのおっぱい,http://j-xvideos.com/pc/v/26977,http://img100.xvideos.com/videos/thumbs/9a/46/4e/9a464e5f1acc0b9eeae115d3050c4eb2/9a464e5f1acc0b9eeae115d3050c4eb2.1.jpg,生徒二人からおっぱいを舐められる爆...,05:15,2015年12月18日
